"Cell","Key","Value","Improvement"
1,"Lon","37.5",1.65239919113844
1,"Lat","-17.5",0.360698843317891
1,"Lat","-22.5",0.301063088671185
1,"Lat","-12.5",0.149602863317227
1,"Qrt","12;34",0.127716058888268
1,"CQrt","124;3",0.12376868371507
1,"CQrt","134;2",0.107449589832527
1,"Qrt","123;4",0.0974493928445099
1,"Qrt","1;234",0.0753115607549262
1,"CQrt","14;23",0.0515478769023048
1,"Lat","-7.5",0.0338193719587707
2,"Lat","-7.5",10.1001766955878
2,"Lon","57.5",5.56785954980978
2,"Lon","62.5",4.36381674195718
2,"Lon","72.5",3.03514158179087
2,"Lon","82.5",1.99753875090755
2,"Lon","52.5",1.68812852103611
2,"Lon","87.5",1.38065483057835
2,"Lon","77.5",1.36359501861125
2,"CQrt","14;23",1.06111869443748
2,"Lon","67.5",1.01555719951102
2,"Lat","-12.5",0.860671947233641
2,"Lon","92.5",0.817446222110902
2,"CQrt","124;3",0.453317081837668
2,"Qrt","12;34",0.427789759431562
2,"CQrt","134;2",0.369091493966152
2,"Qrt","123;4",0.301678502399227
2,"Lon","47.5",0.267560875287018
2,"Qrt","1;234",0.237132175948773
3,"Lon","67.5",2.51787309272368
3,"Lat","2.5",2.22513126141212
3,"Lon","47.5",1.99114868855759
3,"Lon","52.5",1.64862462393148
3,"Lon","72.5",1.56708239610816
3,"Lon","42.5",1.28092021394878
3,"Lat","12.5",1.12633306975476
3,"Lat","7.5",0.871353716554495
3,"Lon","77.5",0.635905722031566
3,"Lat","17.5",0.611063337580617
3,"Qrt","12;34",0.606601695184509
3,"CQrt","14;23",0.569841887853272
3,"Qrt","1;234",0.548389548905106
3,"Lon","82.5",0.529790362903441
3,"CQrt","134;2",0.493830705259825
3,"Lon","57.5",0.389783459910177
3,"Lon","87.5",0.322218002135287
3,"Lon","62.5",0.258073709889686
3,"Qrt","123;4",0.239302114960992
3,"CQrt","124;3",0.157061806915408
3,"Lon","92.5",0.0424093023102614
