"select1","select2","select3","select4","Var"
1,2,1,1,0.200580650791662
1,1,1,1,0.198123214790512
1,1,2,1,0.198123214790512
2,1,1,1,0.168711915406922
