"select1","select2","select3","Var_explained"
1,2,3,0.146129138761931
2,2,1,0.14021510890642
3,1,2,0.129336103048761
