"select1","select2","select3","Var_explained"
1,2,1,0.164170943892899
1,1,1,0.161713507891749
1,3,1,0.149531069386695
2,1,1,0.145290690914814
3,1,1,0.13091845301842
