"select1","select2","select3","Var_explained"
1,2,1,0.164170943892899
1,1,1,0.161713507891749
1,1,2,0.155624532778279
1,2,2,0.149916053440267
2,1,1,0.145290690914814
2,2,1,0.14021510890642
2,1,2,0.139402617590259
2,2,2,0.0953455398181565
