"select1","select2","select3","Var"
1,2,1,0.164170943892899
1,1,1,0.161713507891749
2,1,1,0.145290690914814
